{"cameraMode":{"drawMode":0,"name":"Shaded","section":"Shading Mode"},"sceneLighting":true,"audioPlay":false,"sceneViewState":{"showFog":true,"showMaterialUpdate":false,"showSkybox":true,"showFlares":true,"showImageEffects":true,"showParticleSystems":true},"in2DMode":false,"pivot":{"x":0.12812384963035584,"y":0.6057722568511963,"z":93.67632293701172},"rotation":{"x":0.0116895642131567,"y":0.009596077725291253,"z":0.00011231768439756706,"w":-0.9998899698257446},"size":11.605398178100586,"orthographic":false}